INSERT INTO `genere` (`id_genere`, `nome`) VALUES
(1, 'Commedia'),
(2, 'Drammatico'),
(3, 'Thriller'),
(4, 'Storico'),
(5, 'Fantascienza'),
(6, 'Animazione'),
(7, 'Avventura'),
(8, 'Romantico'),
(9, 'Crime'),
(10, 'Fantasy'),
(11, 'Guerra'),
(12, 'Poliziesco'),
(13, 'Spionaggio'),
(14, 'Commedia romantica'),
(15, 'Biografico'),
(16, 'Dramma familiare'),
(17, 'Supereroi'),
(18, 'Distopico'),
(19, 'Thriller psicologico'),
(20, 'Noir'),
(21, 'Documentario'),
(22, 'Musical'),
(23, 'Western'),
(24, 'Sportivo');
INSERT INTO `film` (`id_film`, `genere`, `titolo`, `trama`, `durata`, `locandina`) VALUES
(1, 1, 'Benvenuti al Sud', 'Alberto Colombo dirige l ufficio postale di un piccolo comune della Brianza e sogna da tempo il trasferimento a Milano. Per ottenerlo finge di essere disabile, ma viene scoperto e trasferito per punizione in Campania.', '1h 42m', 'benvenuti_al_sud.webp'),
(2, 2, 'La vita è bella', 'Guido, un uomo ebreo italiano, usa il suo umorismo e la sua immaginazione per proteggere il figlio dagli orrori della deportazione in un campo di concentramento durante la Seconda guerra mondiale.', '1h 56m', 'la_vita_è_bella.webp'),
(3, 3, 'Perfetti sconosciuti', 'Durante una cena tra amici, un gioco apparentemente innocente porta tutti a condividere messaggi e telefonate ricevute sui cellulari, facendo emergere segreti inaspettati.', '1h 37m', 'perfetti_sconosciuti.webp'),
(4, 4, 'Il primo re', 'Romolo e Remo, due fratelli sopravvissuti a una terribile alluvione, affrontano un viaggio che li porterà a fondare una delle più grandi civiltà della storia.', '2h 03m', 'il_primo_re.webp'),
(5, 5, 'Lo chiamavano Jeeg Robot', 'Enzo Ceccotti, piccolo criminale romano, acquisisce poteri straordinari dopo essere entrato in contatto con materiale radioattivo.', '1h 52m', 'lo_chiamavano_jeeg_robot.webp'),
(6, 6, 'Il Re Leone', 'Il giovane leone Simba deve affrontare il proprio passato e reclamare il suo posto come legittimo re della savana.', '1h 58m', 'Il_Re_Leone.webp'),
(7, 7, 'Titanic', 'Durante il viaggio inaugurale del Titanic nasce una storia d amore tra Jack, giovane artista senza soldi, e Rose, ragazza dell alta società.', '3h 14m', 'Titanic.webp'),
(8, 9, 'Il Padrino', 'Don Vito Corleone guida una potente famiglia mafiosa di New York mentre il figlio Michael viene trascinato nel mondo del crimine organizzato.', '2h 55m', 'Il_Padrino.webp'),
(9, 10, 'Harry Potter e la Pietra Filosofale',
'Harry Potter è un ragazzo orfano che vive con gli zii fino a quando scopre di essere un mago. Invitato a frequentare Hogwarts, entra in un mondo straordinario dove farà nuove amicizie e affronterà una minaccia legata alla Pietra Filosofale.','2h 32m', 'Harry_Potter_e_la_Pietra_Filosofale.webp'),
(10, 10, 'Il Signore degli Anelli: La Compagnia dell Anello',
'Il giovane hobbit Frodo Baggins eredita un anello dal potere oscuro e scopre che deve distruggerlo per impedire al malvagio Sauron di dominare la Terra di Mezzo. Inizia così un pericoloso viaggio insieme alla Compagnia dell Anello.','2h 58m', 'Il_Signore_degli_Anelli_La_Compagnia_dell_Anello.webp'),
(11, 1, 'Tre uomini e una gamba', 'Tre amici partono per un viaggio verso il sud Italia per consegnare una preziosa scultura al futuro suocero di uno di loro.', '1h 37m', 'Tre_uomini_e_una_gamba.webp'),
(12, 3, 'Shutter Island', 'Due agenti federali arrivano su un isola che ospita un ospedale psichiatrico per indagare sulla misteriosa scomparsa di una paziente.', '2h 18m', 'Shutter_Island.webp'),
(13, 4, 'Schindler s List', 'Oskar Schindler, imprenditore tedesco, salva oltre mille ebrei durante l occupazione nazista impiegandoli nella sua fabbrica.', '3h 15m', 'Schindlers_List.webp'),
(14, 11, 'Dunkirk', 'Durante la Seconda guerra mondiale centinaia di migliaia di soldati alleati restano intrappolati sulle spiagge di Dunkerque.', '1h 46m', 'Dunkirk.webp'),
(15, 12, 'Il silenzio degli innocenti', 'La giovane agente Clarice Starling chiede aiuto al pericoloso Hannibal Lecter per catturare un serial killer.', '1h 58m', 'Il_silenzio_degli_innocenti.webp'),
(16, 13, '007 Skyfall', 'James Bond affronta un pericoloso terrorista legato al passato di M e mette alla prova la propria lealtà.', '2h 23m', '007_Skyfall.webp'),
(17, 14, 'Pretty Woman', 'Un ricco uomo d affari incontra una prostituta di Hollywood Boulevard e tra i due nasce una storia d amore inattesa.', '1h 59m', 'Pretty_Woman.webp'),
(18, 15, 'La teoria del tutto', 'La storia del celebre fisico Stephen Hawking, dalla giovinezza alla malattia fino ai suoi grandi successi scientifici.', '2h 03m', 'La_teoria_del_tutto.webp'),
(19, 4, 'Il nome della rosa', 'Nel Medioevo il frate Guglielmo da Baskerville indaga su misteriosi omicidi avvenuti in un monastero.', '2h 10m', 'Il_nome_della_rosa.webp'),
(20, 16, 'La famiglia Bélier', 'Paula vive in una famiglia di non udenti e scopre di avere un grande talento per il canto.', '1h 46m', 'La_famiglia_Belier.webp'),
(21, 17, 'Iron Man','Tony Stark, brillante industriale e inventore di armi, viene rapito durante un viaggio in Afghanistan. Dopo essere riuscito a fuggire costruendo una potente armatura, decide di cambiare vita e usare la sua tecnologia per combattere il crimine.','2h 06m', 'Iron_Man.webp'),
(22, 18, 'Blade Runner 2049','Trent anni dopo gli eventi del primo film, l agente K, un blade runner incaricato di eliminare replicanti ribelli, scopre un segreto nascosto da tempo che potrebbe cambiare il rapporto tra umani e replicanti.','2h 44m', 'Blade_Runner_2049.webp'),
(23, 19, 'Shining','Jack Torrance accetta un lavoro come custode invernale dell Overlook Hotel e si trasferisce con la moglie e il figlio. L isolamento e le inquietanti presenze dell hotel lo porteranno lentamente alla follia.','2h 26m', 'Shining.webp'),
(24, 20, 'Se7en','Due detective molto diversi tra loro indagano su una serie di brutali omicidi commessi da un serial killer che sceglie le sue vittime seguendo i sette peccati capitali.','2h 07m', 'Se7en.webp'),
(25, 21, 'Super Size Me','Il documentarista Morgan Spurlock decide di mangiare esclusivamente cibo McDonalds per trenta giorni consecutivi per dimostrare gli effetti del fast food sulla salute fisica e mentale.','1h 40m', 'Super_Size_Me.webp'),
(26, 22, 'La La Land','Mia sogna di diventare attrice mentre Sebastian vuole aprire un locale jazz. I due si innamorano a Los Angeles cercando di conciliare sentimenti e ambizioni professionali.','2h 08m', 'La_La_Land.webp'),
(27, 23, 'Il buono, il brutto, il cattivo', 'Tre uomini senza scrupoli si mettono alla ricerca di un tesoro nascosto durante la guerra civile americana.', '2h 58m', 'Il_buono_il_brutto_il_cattivo.webp'),
(28, 24, 'Rocky', 'Rocky Balboa, pugile di Philadelphia, riceve l occasione della vita sfidando il campione del mondo dei pesi massimi.', '1h 59m', 'Rocky.webp');
INSERT INTO `sala` (`id_sala`, `nome`, `posti`) VALUES
(1, 'Sala Piccola', 100),
(2, 'Sala Grande', 200);
INSERT INTO `tipologia_utente` (`id_tipo`, `nome`) VALUES
(1,"Cliente"),
(2,"Venditore"),
(3,"Amministratore");
INSERT INTO `spettacolo` (`id_spettacolo`, `film`, `sala`, `data_spettacolo`, `ora_inizio`, `ora_fine`) VALUES
(1, 1, 1, '2026-05-10', '18:00:00', '19:42:00'),
(2, 2, 2, '2026-05-10', '20:00:00', '21:56:00'),
(3, 3, 1, '2026-05-11', '19:30:00', '21:07:00'),
(4, 4, 2, '2026-05-11', '21:30:00', '23:33:00'),
(5, 5, 1, '2026-05-12', '20:15:00', '22:07:00'),
(6, 6, 2, '2026-05-13', '17:00:00', '18:58:00'),
(7, 7, 1, '2026-05-13', '20:00:00', '23:14:00'),
(8, 8, 2, '2026-05-14', '18:30:00', '21:25:00'),
(9, 9, 1, '2026-05-14', '16:00:00', '18:32:00'),
(10, 10, 2, '2026-05-14', '21:00:00', '23:58:00'),
(11, 11, 1, '2026-05-15', '19:00:00', '20:37:00'),
(12, 12, 2, '2026-05-15', '21:00:00', '23:18:00'),
(13, 13, 1, '2026-05-16', '18:00:00', '21:15:00'),
(26, 14, 2, '2026-05-17', '18:00:00', '19:46:00'),
(27, 15, 1, '2026-05-17', '20:00:00', '21:58:00'),
(28, 16, 2, '2026-05-18', '18:30:00', '20:33:00'),
(29, 17, 1, '2026-05-18', '21:00:00', '22:46:00'),
(30, 18, 2, '2026-05-19', '17:30:00', '19:36:00'),
(31, 19, 1, '2026-05-19', '20:00:00', '22:44:00'),
(32, 20, 2, '2026-05-20', '21:00:00', '23:26:00'),
(33, 21, 1, '2026-05-20', '18:00:00', '20:07:00'),
(34, 22, 2, '2026-05-21', '17:00:00', '18:40:00'),
(35, 23, 1, '2026-05-21', '20:30:00', '22:38:00'),
(36, 24, 2, '2026-05-22', '19:00:00', '21:58:00'),
(37, 25, 1, '2026-05-22', '21:00:00', '23:10:00');
INSERT INTO `utente` (`id_utente`, `nome`, `password_hash`, `email`, `tipo`) VALUES
(1, 'admin', '2f8f8acba3134e694faf23803e0b64b940bc5037d602a9c582ddea4d6dcef2dd', 'cinema2026@gmail.com', 3),
(2, 'venditore', '2f8f8acba3134e694faf23803e0b64b940bc5037d602a9c582ddea4d6dcef2dd', 'venditore2026@gmail.com', 2)
